Name, Phone Number, Email, Amount, Term (Months), Generated On
Miss Laurel Bernier,242-100-9576 x3625,Judge20@gmail.com,53523.00,40,Wed Dec 27 2017 11:23:28 GMT+0000 (UTC)
Wava Lockman,(967) 451-1074,Lillian.Schowalter89@gmail.com,44072.00,71,Wed Dec 27 2017 11:23:28 GMT+0000 (UTC)
Horacio Renner,417.811.1185 x5896,River.Boehm@hotmail.com,79875.00,33,Tue Dec 26 2017 11:23:28 GMT+0000 (UTC)
Blaze Stroman,(510) 152-6781 x05354,Aniya.Kirlin@yahoo.com,94158.00,76,Mon Dec 25 2017 11:23:28 GMT+0000 (UTC)
Shyanne Dickens,1-493-563-7788,Claudia_Schumm26@yahoo.com,89299.00,46,Mon Dec 25 2017 11:23:28 GMT+0000 (UTC)
Mrs. Arden Mills,111.740.6075 x33216,Pearlie_Reichert@gmail.com,54453.00,58,Sun Dec 24 2017 11:23:28 GMT+0000 (UTC)
Kane Collins,776-672-8128,Lavonne.Breitenberg@gmail.com,81642.00,57,Sun Dec 24 2017 11:23:28 GMT+0000 (UTC)
Leanna Wiegand,(867) 223-9469 x8637,Angus85@yahoo.com,95941.00,81,Sun Dec 24 2017 11:23:28 GMT+0000 (UTC)
Daren Adams,(786) 648-1618,Josie77@yahoo.com,87923.00,46,Sun Dec 24 2017 11:23:28 GMT+0000 (UTC)
Reba Koepp,968-069-2801,Jackson.Christiansen@hotmail.com,10578.00,71,Sat Dec 23 2017 11:23:28 GMT+0000 (UTC)
Madisyn Roberts,(690) 056-1098 x329,Etha_Kautzer@yahoo.com,37750.00,41,Fri Dec 22 2017 11:23:28 GMT+0000 (UTC)
Nakia Gutkowski,(872) 291-6409,Mustafa_Skiles@yahoo.com,69950.00,43,Fri Dec 22 2017 11:23:28 GMT+0000 (UTC)
Easter Strosin,408.405.9150,Idella_Leuschke90@hotmail.com,37181.00,78,Thu Dec 21 2017 11:23:28 GMT+0000 (UTC)
Dr. Braulio Schmidt,1-950-270-2720 x997,Sheldon95@gmail.com,66171.00,42,Wed Dec 20 2017 11:23:28 GMT+0000 (UTC)
Keven Buckridge,649.493.8943,Maryam_Borer79@hotmail.com,25783.00,71,Wed Dec 20 2017 11:23:28 GMT+0000 (UTC)
Miss Precious Yost,1-142-936-5122 x150,Jeanette_Goodwin@yahoo.com,54374.00,38,Tue Dec 19 2017 11:23:28 GMT+0000 (UTC)
Fae Cartwright,238.868.7745 x36098,Aliyah3@hotmail.com,74328.00,64,Mon Dec 18 2017 11:23:28 GMT+0000 (UTC)
Dawn Daniel V,356.491.8007,Nils59@yahoo.com,64841.00,44,Mon Dec 18 2017 11:23:28 GMT+0000 (UTC)
Carissa Windler,1-918-764-2631,Lulu_Cruickshank19@gmail.com,85451.00,18,Mon Dec 18 2017 11:23:28 GMT+0000 (UTC)
Dalton Mertz,831-451-6770 x001,Ally60@hotmail.com,59806.00,43,Mon Dec 18 2017 11:23:28 GMT+0000 (UTC)
Elsie Shields,1-224-163-0019 x87089,Arthur.Mann28@gmail.com,95722.00,44,Fri Dec 15 2017 11:23:28 GMT+0000 (UTC)
Dana Toy,(648) 223-8678 x8512,Catharine_Kuhlman@gmail.com,14929.00,26,Fri Dec 15 2017 11:23:28 GMT+0000 (UTC)
Miss Jacinthe Hintz,253.779.6621,Marcella.Jacobson28@gmail.com,86044.00,25,Wed Dec 13 2017 11:23:28 GMT+0000 (UTC)
Favian Schmidt,250-466-8197,Sydney_Vandervort@gmail.com,65832.00,31,Mon Dec 11 2017 11:23:28 GMT+0000 (UTC)
Mrs. Antonetta Crooks,1-461-272-8048 x287,Bertrand.Bogisich39@hotmail.com,40076.00,74,Mon Dec 11 2017 11:23:28 GMT+0000 (UTC)
Aniya Feil,(209) 441-4018,Miracle.Schroeder@gmail.com,85751.00,60,Mon Dec 11 2017 11:23:28 GMT+0000 (UTC)
Alanna Rempel,(194) 752-8240,Ludwig.Baumbach@yahoo.com,52437.00,33,Sun Dec 10 2017 11:23:28 GMT+0000 (UTC)
Mrs. Darrell Kassulke,052.535.1170 x0868,Zackary.Heidenreich@hotmail.com,29831.00,12,Sat Dec 09 2017 11:23:28 GMT+0000 (UTC)
Travis Kozey,(936) 755-1952,Edwardo_Wolff87@hotmail.com,71848.00,50,Sat Dec 09 2017 11:23:28 GMT+0000 (UTC)
Allie Spinka,1-187-422-5248,Camren.Balistreri41@hotmail.com,13679.00,14,Sat Dec 09 2017 11:23:28 GMT+0000 (UTC)
Evelyn Block III,1-067-435-3203,Maud.Olson@yahoo.com,53602.00,24,Fri Dec 08 2017 11:23:28 GMT+0000 (UTC)
Simeon Langosh DDS,(007) 531-8219,Jarrett.Hermiston34@hotmail.com,36714.00,25,Thu Dec 07 2017 11:23:28 GMT+0000 (UTC)
Jared Mayer III,(945) 241-9331 x182,Tom_Rolfson84@yahoo.com,12159.00,24,Thu Dec 07 2017 11:23:28 GMT+0000 (UTC)
Julian Zboncak II,325.209.7760,Madyson_Hagenes@gmail.com,83129.00,14,Thu Dec 07 2017 11:23:28 GMT+0000 (UTC)
Howell Sauer,1-538-624-4812 x417,Danielle.Bruen@gmail.com,24791.00,28,Wed Dec 06 2017 11:23:28 GMT+0000 (UTC)
Yazmin Balistreri,817-838-7483 x2347,Koby12@gmail.com,6374.00,18,Tue Dec 05 2017 11:23:28 GMT+0000 (UTC)
Ford Olson,1-208-172-3582 x95106,Elisha_Bruen@gmail.com,24719.00,49,Mon Dec 04 2017 11:48:01 GMT+0000 (UTC)
Vance Pacocha,(399) 360-7664,Wayne76@hotmail.com,29692.00,34,Mon Dec 04 2017 11:48:01 GMT+0000 (UTC)
Esmeralda Baumbach,927.906.5697 x253,Shanon11@hotmail.com,11406.00,80,Mon Dec 04 2017 11:23:28 GMT+0000 (UTC)
Toney Hettinger,534-478-6397 x09687,Raleigh_Mann85@hotmail.com,84076.00,9,Sun Dec 03 2017 11:23:28 GMT+0000 (UTC)
Elwyn Lesch,(976) 706-9778,Bernice_Kirlin@yahoo.com,34677.00,44,Sat Dec 02 2017 11:48:01 GMT+0000 (UTC)
Elmo Lynch,364.129.3678,Roman_Boyle49@gmail.com,90207.00,58,Sat Dec 02 2017 11:23:28 GMT+0000 (UTC)
Mekhi Hauck,985.982.9998 x79671,Garett42@yahoo.com,11632.00,50,Sat Dec 02 2017 11:23:28 GMT+0000 (UTC)
Ida Wilkinson,(591) 679-7159 x3659,Marcelino36@hotmail.com,86897.00,39,Fri Dec 01 2017 11:48:01 GMT+0000 (UTC)
Rickey Gibson,(646) 455-0446 x76237,Katrina_Graham@yahoo.com,76110.00,68,Fri Dec 01 2017 11:48:01 GMT+0000 (UTC)
Brody Kozey,525-239-9033 x0867,Guadalupe.Haley80@gmail.com,85432.00,21,Fri Dec 01 2017 11:23:28 GMT+0000 (UTC)
Clay Hamill,273.070.4998 x19684,Eugene75@yahoo.com,90654.00,22,Fri Dec 01 2017 11:23:28 GMT+0000 (UTC)
